gene,control_TPM,treated_TPM,fold_change,log2FC,status
FOXP3,12,38,3.1666648611126162,1.6629641901336027,Up
IFNG,20,55,2.749999125000438,1.4594311595981226,Up
CD8A,18,42,2.3333325925930044,1.222391963338204,Up
CTLA4,10,30,2.999998000002,1.5849615389251035,Up
PDCD1,8,25,3.1249973437533205,1.6438549634849517,Up
TNF,15,50,3.333331777778815,1.7369649209088123,Up
IL2RA,11,33,2.999998181819835,1.5849616263610553,Up
GAPDH,40,42,1.0499999875000032,0.07038931071646132,Steady
