gene,healthy_TPM,inflammatory_TPM,fc,log2FC,status
IFNG,22,68,3.0909081404963,1.628030779003738,Up
TNF,20,60,2.9999990000005003,1.5849620198229697,Up
IL6,15,72,4.799997466668356,2.263033644411718,Up
PDCD1,12,28,2.3333322222231483,1.2223917343392183,Up
CTLA4,14,30,2.1428563265311955,1.0995351239530917,Up
